code_name,SMILES_sub,SMILES_cat,ddG
1a3a,O=S(C1=CC=CC=C1)(N)=N,C=C[C@H]1C[N]2CC[C@H]1C[C@@]2([H])[C@H](OP(C3=CC=CC=C3)(C4=CC=CC=C4)=O)C5=CC=NC6=C5C=C(C=C6)OC,1.32
1a3e,O=S(C1=CC=CC=C1)(N)=N,C=C[C@H]1C[N]2CC[C@H]1C[C@@]2([H])[C@H](OP(C3CCCCC3)(C4CCCCC4)=O)C5=CC=NC6=C5C=C(C=C6)OC,1.41
1a3h,O=S(C1=CC=CC=C1)(N)=N,[H]C1=CC2=C(N=CC=C2[C@H]([C@]3([H])C[C@@H]4CC[N]3C[C@@H]4C=C)OP(C5=CC=CC=C5)(C6=CC=CC=C6)=O)C=C1,0.61
1a3d,O=S(C1=CC=CC=C1)(N)=N,C=C[C@H]1C[N]2CC[C@H]1C[C@@]2([H])[C@H](OP(C3=CC(C)=CC(C)=C3)(C4=CC(C)=CC(C)=C4)=O)C5=CC=NC6=C5C=C(C=C6)OC,1.29
1a3i,O=S(C1=CC=CC=C1)(N)=N,C=C[C@H]1C[N]2CC[C@H]1C[C@@]2([H])[C@H](OP(C3=CC=CC=C3)(C4=CC=CC=C4)=O)C5=CC=NC6=C5C=C(C=C6)OC(C)C,1.21
1a3j,O=S(C1=CC=CC=C1)(N)=N,C=C[C@H]1C[N]2CC[C@H]1C[C@@]2([H])[C@H](OP(C3=CC=CC=C3)(C4=CC=CC=C4)=O)C5=CC=NC6=C5C=C(C=C6)C7=CC=CC=C7,1.22
1a3k,O=S(C1=CC=CC=C1)(N)=N,C=C[C@H]1C[N]2CC[C@H]1C[C@@]2([H])[C@H](OP(C3=CC=CC=C3)(C4=CC=CC=C4)=O)C5=CC=NC6=C5C=C(C=C6)C7=CC(C(F)(F)F)=CC(C(F)(F)F)=C7,0.64
1a3l,O=S(C1=CC=CC=C1)(N)=N,C=C[C@H]1C[N]2CC[C@H]1C[C@@]2([H])[C@H](OP(C3=CC=CC=C3)(C4=CC=CC=C4)=O)C5=CC=NC6=C5C=C(C=C6)C7=CC=C(OC)C=C7,1.11
1a3b,O=S(C1=CC=CC=C1)(N)=N,C=C[C@H]1C[N]2CC[C@H]1C[C@@]2([H])[C@H](OP(C3=CC=C(C(F)(F)F)C=C3)(C4=CC=C(C(F)(F)F)C=C4)=O)C5=CC=NC6=C5C=C(C=C6)OC,1.22
1a3g,O=S(C1=CC=CC=C1)(N)=N,C=C[C@H]1C[N]2CC[C@H]1C[C@@]2([H])[C@H](OP(C)(C)=O)C3=CC=NC4=C3C=C(C=C4)OC,0.93
1f3a,IC(C=CC=C1)=C1S(=O)(N)=N,C=C[C@H]1C[N]2CC[C@H]1C[C@@]2([H])[C@H](OP(C3=CC=CC=C3)(C4=CC=CC=C4)=O)C5=CC=NC6=C5C=C(C=C6)OC,1.2
1f3e,IC(C=CC=C1)=C1S(=O)(N)=N,C=C[C@H]1C[N]2CC[C@H]1C[C@@]2([H])[C@H](OP(C3CCCCC3)(C4CCCCC4)=O)C5=CC=NC6=C5C=C(C=C6)OC,1.47
1f3d,IC(C=CC=C1)=C1S(=O)(N)=N,C=C[C@H]1C[N]2CC[C@H]1C[C@@]2([H])[C@H](OP(C3=CC(C)=CC(C)=C3)(C4=CC(C)=CC(C)=C4)=O)C5=CC=NC6=C5C=C(C=C6)OC,1.13
1f3i,IC(C=CC=C1)=C1S(=O)(N)=N,C=C[C@H]1C[N]2CC[C@H]1C[C@@]2([H])[C@H](OP(C3=CC=CC=C3)(C4=CC=CC=C4)=O)C5=CC=NC6=C5C=C(C=C6)OC(C)C,1.25
1f3j,IC(C=CC=C1)=C1S(=O)(N)=N,C=C[C@H]1C[N]2CC[C@H]1C[C@@]2([H])[C@H](OP(C3=CC=CC=C3)(C4=CC=CC=C4)=O)C5=CC=NC6=C5C=C(C=C6)C7=CC=CC=C7,1.4
1f3k,IC(C=CC=C1)=C1S(=O)(N)=N,C=C[C@H]1C[N]2CC[C@H]1C[C@@]2([H])[C@H](OP(C3=CC=CC=C3)(C4=CC=CC=C4)=O)C5=CC=NC6=C5C=C(C=C6)C7=CC(C(F)(F)F)=CC(C(F)(F)F)=C7,1.08
1f3l,IC(C=CC=C1)=C1S(=O)(N)=N,C=C[C@H]1C[N]2CC[C@H]1C[C@@]2([H])[C@H](OP(C3=CC=CC=C3)(C4=CC=CC=C4)=O)C5=CC=NC6=C5C=C(C=C6)C7=CC=C(OC)C=C7,1.38
1f3b,IC(C=CC=C1)=C1S(=O)(N)=N,C=C[C@H]1C[N]2CC[C@H]1C[C@@]2([H])[C@H](OP(C3=CC=C(C(F)(F)F)C=C3)(C4=CC=C(C(F)(F)F)C=C4)=O)C5=CC=NC6=C5C=C(C=C6)OC,1.21
1f3g,IC(C=CC=C1)=C1S(=O)(N)=N,C=C[C@H]1C[N]2CC[C@H]1C[C@@]2([H])[C@H](OP(C)(C)=O)C3=CC=NC4=C3C=C(C=C4)OC,0.61
1m3a,O=S(C1=CN=CC=C1)(N)=N,C=C[C@H]1C[N]2CC[C@H]1C[C@@]2([H])[C@H](OP(C3=CC=CC=C3)(C4=CC=CC=C4)=O)C5=CC=NC6=C5C=C(C=C6)OC,2.01
1m3e,O=S(C1=CN=CC=C1)(N)=N,C=C[C@H]1C[N]2CC[C@H]1C[C@@]2([H])[C@H](OP(C3CCCCC3)(C4CCCCC4)=O)C5=CC=NC6=C5C=C(C=C6)OC,1.71
1m3h,O=S(C1=CN=CC=C1)(N)=N,[H]C1=CC2=C(N=CC=C2[C@H]([C@]3([H])C[C@@H]4CC[N]3C[C@@H]4C=C)OP(C5=CC=CC=C5)(C6=CC=CC=C6)=O)C=C1,0.68
1m3i,O=S(C1=CN=CC=C1)(N)=N,C=C[C@H]1C[N]2CC[C@H]1C[C@@]2([H])[C@H](OP(C3=CC=CC=C3)(C4=CC=CC=C4)=O)C5=CC=NC6=C5C=C(C=C6)OC(C)C,1.68
1m3j,O=S(C1=CN=CC=C1)(N)=N,C=C[C@H]1C[N]2CC[C@H]1C[C@@]2([H])[C@H](OP(C3=CC=CC=C3)(C4=CC=CC=C4)=O)C5=CC=NC6=C5C=C(C=C6)C7=CC=CC=C7,1.6
1m3k,O=S(C1=CN=CC=C1)(N)=N,C=C[C@H]1C[N]2CC[C@H]1C[C@@]2([H])[C@H](OP(C3=CC=CC=C3)(C4=CC=CC=C4)=O)C5=CC=NC6=C5C=C(C=C6)C7=CC(C(F)(F)F)=CC(C(F)(F)F)=C7,1.15
1m3l,O=S(C1=CN=CC=C1)(N)=N,C=C[C@H]1C[N]2CC[C@H]1C[C@@]2([H])[C@H](OP(C3=CC=CC=C3)(C4=CC=CC=C4)=O)C5=CC=NC6=C5C=C(C=C6)C7=CC=C(OC)C=C7,1.56
1m3b,O=S(C1=CN=CC=C1)(N)=N,C=C[C@H]1C[N]2CC[C@H]1C[C@@]2([H])[C@H](OP(C3=CC=C(C(F)(F)F)C=C3)(C4=CC=C(C(F)(F)F)C=C4)=O)C5=CC=NC6=C5C=C(C=C6)OC,1.61
1m3g,O=S(C1=CN=CC=C1)(N)=N,C=C[C@H]1C[N]2CC[C@H]1C[C@@]2([H])[C@H](OP(C)(C)=O)C3=CC=NC4=C3C=C(C=C4)OC,0.7
1b3a,FC(C=C1)=CC=C1S(=O)(N)=N,C=C[C@H]1C[N]2CC[C@H]1C[C@@]2([H])[C@H](OP(C3=CC=CC=C3)(C4=CC=CC=C4)=O)C5=CC=NC6=C5C=C(C=C6)OC,1.2
1b3e,FC(C=C1)=CC=C1S(=O)(N)=N,C=C[C@H]1C[N]2CC[C@H]1C[C@@]2([H])[C@H](OP(C3CCCCC3)(C4CCCCC4)=O)C5=CC=NC6=C5C=C(C=C6)OC,1.28
1b3h,FC(C=C1)=CC=C1S(=O)(N)=N,[H]C1=CC2=C(N=CC=C2[C@H]([C@]3([H])C[C@@H]4CC[N]3C[C@@H]4C=C)OP(C5=CC=CC=C5)(C6=CC=CC=C6)=O)C=C1,0.59
1b3d,FC(C=C1)=CC=C1S(=O)(N)=N,C=C[C@H]1C[N]2CC[C@H]1C[C@@]2([H])[C@H](OP(C3=CC(C)=CC(C)=C3)(C4=CC(C)=CC(C)=C4)=O)C5=CC=NC6=C5C=C(C=C6)OC,1.11
1b3i,FC(C=C1)=CC=C1S(=O)(N)=N,C=C[C@H]1C[N]2CC[C@H]1C[C@@]2([H])[C@H](OP(C3=CC=CC=C3)(C4=CC=CC=C4)=O)C5=CC=NC6=C5C=C(C=C6)OC(C)C,1.18
1b3j,FC(C=C1)=CC=C1S(=O)(N)=N,C=C[C@H]1C[N]2CC[C@H]1C[C@@]2([H])[C@H](OP(C3=CC=CC=C3)(C4=CC=CC=C4)=O)C5=CC=NC6=C5C=C(C=C6)C7=CC=CC=C7,1.16
1b3k,FC(C=C1)=CC=C1S(=O)(N)=N,C=C[C@H]1C[N]2CC[C@H]1C[C@@]2([H])[C@H](OP(C3=CC=CC=C3)(C4=CC=CC=C4)=O)C5=CC=NC6=C5C=C(C=C6)C7=CC(C(F)(F)F)=CC(C(F)(F)F)=C7,0.82
1b3l,FC(C=C1)=CC=C1S(=O)(N)=N,C=C[C@H]1C[N]2CC[C@H]1C[C@@]2([H])[C@H](OP(C3=CC=CC=C3)(C4=CC=CC=C4)=O)C5=CC=NC6=C5C=C(C=C6)C7=CC=C(OC)C=C7,1.11
1b3g,FC(C=C1)=CC=C1S(=O)(N)=N,C=C[C@H]1C[N]2CC[C@H]1C[C@@]2([H])[C@H](OP(C)(C)=O)C3=CC=NC4=C3C=C(C=C4)OC,0.87
1i3a,NS(C1=CC=C(C2=CC=CC=C2)C=C1)(=O)=N,C=C[C@H]1C[N]2CC[C@H]1C[C@@]2([H])[C@H](OP(C3=CC=CC=C3)(C4=CC=CC=C4)=O)C5=CC=NC6=C5C=C(C=C6)OC,1.11
1i3e,NS(C1=CC=C(C2=CC=CC=C2)C=C1)(=O)=N,C=C[C@H]1C[N]2CC[C@H]1C[C@@]2([H])[C@H](OP(C3CCCCC3)(C4CCCCC4)=O)C5=CC=NC6=C5C=C(C=C6)OC,1.26
1i3h,NS(C1=CC=C(C2=CC=CC=C2)C=C1)(=O)=N,[H]C1=CC2=C(N=CC=C2[C@H]([C@]3([H])C[C@@H]4CC[N]3C[C@@H]4C=C)OP(C5=CC=CC=C5)(C6=CC=CC=C6)=O)C=C1,0.61
1i3d,NS(C1=CC=C(C2=CC=CC=C2)C=C1)(=O)=N,C=C[C@H]1C[N]2CC[C@H]1C[C@@]2([H])[C@H](OP(C3=CC(C)=CC(C)=C3)(C4=CC(C)=CC(C)=C4)=O)C5=CC=NC6=C5C=C(C=C6)OC,1.09
1i3i,NS(C1=CC=C(C2=CC=CC=C2)C=C1)(=O)=N,C=C[C@H]1C[N]2CC[C@H]1C[C@@]2([H])[C@H](OP(C3=CC=CC=C3)(C4=CC=CC=C4)=O)C5=CC=NC6=C5C=C(C=C6)OC(C)C,1.09
1i3j,NS(C1=CC=C(C2=CC=CC=C2)C=C1)(=O)=N,C=C[C@H]1C[N]2CC[C@H]1C[C@@]2([H])[C@H](OP(C3=CC=CC=C3)(C4=CC=CC=C4)=O)C5=CC=NC6=C5C=C(C=C6)C7=CC=CC=C7,1.01
1i3l,NS(C1=CC=C(C2=CC=CC=C2)C=C1)(=O)=N,C=C[C@H]1C[N]2CC[C@H]1C[C@@]2([H])[C@H](OP(C3=CC=CC=C3)(C4=CC=CC=C4)=O)C5=CC=NC6=C5C=C(C=C6)C7=CC=C(OC)C=C7,0.9
1i3b,NS(C1=CC=C(C2=CC=CC=C2)C=C1)(=O)=N,C=C[C@H]1C[N]2CC[C@H]1C[C@@]2([H])[C@H](OP(C3=CC=C(C(F)(F)F)C=C3)(C4=CC=C(C(F)(F)F)C=C4)=O)C5=CC=NC6=C5C=C(C=C6)OC,1.05
1i3g,NS(C1=CC=C(C2=CC=CC=C2)C=C1)(=O)=N,C=C[C@H]1C[N]2CC[C@H]1C[C@@]2([H])[C@H](OP(C)(C)=O)C3=CC=NC4=C3C=C(C=C4)OC,0.75
1d3a,O=S(C1=CC=C(OC)C=C1)(N)=N,C=C[C@H]1C[N]2CC[C@H]1C[C@@]2([H])[C@H](OP(C3=CC=CC=C3)(C4=CC=CC=C4)=O)C5=CC=NC6=C5C=C(C=C6)OC,1.14
1d3h,O=S(C1=CC=C(OC)C=C1)(N)=N,[H]C1=CC2=C(N=CC=C2[C@H]([C@]3([H])C[C@@H]4CC[N]3C[C@@H]4C=C)OP(C5=CC=CC=C5)(C6=CC=CC=C6)=O)C=C1,0.46
1d3d,O=S(C1=CC=C(OC)C=C1)(N)=N,C=C[C@H]1C[N]2CC[C@H]1C[C@@]2([H])[C@H](OP(C3=CC(C)=CC(C)=C3)(C4=CC(C)=CC(C)=C4)=O)C5=CC=NC6=C5C=C(C=C6)OC,1.12
1d3i,O=S(C1=CC=C(OC)C=C1)(N)=N,C=C[C@H]1C[N]2CC[C@H]1C[C@@]2([H])[C@H](OP(C3=CC=CC=C3)(C4=CC=CC=C4)=O)C5=CC=NC6=C5C=C(C=C6)OC(C)C,0.96
1d3j,O=S(C1=CC=C(OC)C=C1)(N)=N,C=C[C@H]1C[N]2CC[C@H]1C[C@@]2([H])[C@H](OP(C3=CC=CC=C3)(C4=CC=CC=C4)=O)C5=CC=NC6=C5C=C(C=C6)C7=CC=CC=C7,0.87
1d3k,O=S(C1=CC=C(OC)C=C1)(N)=N,C=C[C@H]1C[N]2CC[C@H]1C[C@@]2([H])[C@H](OP(C3=CC=CC=C3)(C4=CC=CC=C4)=O)C5=CC=NC6=C5C=C(C=C6)C7=CC(C(F)(F)F)=CC(C(F)(F)F)=C7,0.57
1d3l,O=S(C1=CC=C(OC)C=C1)(N)=N,C=C[C@H]1C[N]2CC[C@H]1C[C@@]2([H])[C@H](OP(C3=CC=CC=C3)(C4=CC=CC=C4)=O)C5=CC=NC6=C5C=C(C=C6)C7=CC=C(OC)C=C7,0.78
1d3b,O=S(C1=CC=C(OC)C=C1)(N)=N,C=C[C@H]1C[N]2CC[C@H]1C[C@@]2([H])[C@H](OP(C3=CC=C(C(F)(F)F)C=C3)(C4=CC=C(C(F)(F)F)C=C4)=O)C5=CC=NC6=C5C=C(C=C6)OC,1
1d3g,O=S(C1=CC=C(OC)C=C1)(N)=N,C=C[C@H]1C[N]2CC[C@H]1C[C@@]2([H])[C@H](OP(C)(C)=O)C3=CC=NC4=C3C=C(C=C4)OC,0.89
1c3a,NS(C1=CC(Cl)=CC(Cl)=C1)(=O)=N,C=C[C@H]1C[N]2CC[C@H]1C[C@@]2([H])[C@H](OP(C3=CC=CC=C3)(C4=CC=CC=C4)=O)C5=CC=NC6=C5C=C(C=C6)OC,1.24
1c3e,NS(C1=CC(Cl)=CC(Cl)=C1)(=O)=N,C=C[C@H]1C[N]2CC[C@H]1C[C@@]2([H])[C@H](OP(C3CCCCC3)(C4CCCCC4)=O)C5=CC=NC6=C5C=C(C=C6)OC,1.7
1c3h,NS(C1=CC(Cl)=CC(Cl)=C1)(=O)=N,[H]C1=CC2=C(N=CC=C2[C@H]([C@]3([H])C[C@@H]4CC[N]3C[C@@H]4C=C)OP(C5=CC=CC=C5)(C6=CC=CC=C6)=O)C=C1,0.56
1c3d,NS(C1=CC(Cl)=CC(Cl)=C1)(=O)=N,C=C[C@H]1C[N]2CC[C@H]1C[C@@]2([H])[C@H](OP(C3=CC(C)=CC(C)=C3)(C4=CC(C)=CC(C)=C4)=O)C5=CC=NC6=C5C=C(C=C6)OC,1.56
1c3i,NS(C1=CC(Cl)=CC(Cl)=C1)(=O)=N,C=C[C@H]1C[N]2CC[C@H]1C[C@@]2([H])[C@H](OP(C3=CC=CC=C3)(C4=CC=CC=C4)=O)C5=CC=NC6=C5C=C(C=C6)OC(C)C,1.6
1c3j,NS(C1=CC(Cl)=CC(Cl)=C1)(=O)=N,C=C[C@H]1C[N]2CC[C@H]1C[C@@]2([H])[C@H](OP(C3=CC=CC=C3)(C4=CC=CC=C4)=O)C5=CC=NC6=C5C=C(C=C6)C7=CC=CC=C7,1.66
1c3k,NS(C1=CC(Cl)=CC(Cl)=C1)(=O)=N,C=C[C@H]1C[N]2CC[C@H]1C[C@@]2([H])[C@H](OP(C3=CC=CC=C3)(C4=CC=CC=C4)=O)C5=CC=NC6=C5C=C(C=C6)C7=CC(C(F)(F)F)=CC(C(F)(F)F)=C7,1.19
1c3l,NS(C1=CC(Cl)=CC(Cl)=C1)(=O)=N,C=C[C@H]1C[N]2CC[C@H]1C[C@@]2([H])[C@H](OP(C3=CC=CC=C3)(C4=CC=CC=C4)=O)C5=CC=NC6=C5C=C(C=C6)C7=CC=C(OC)C=C7,1.53
1c3b,NS(C1=CC(Cl)=CC(Cl)=C1)(=O)=N,C=C[C@H]1C[N]2CC[C@H]1C[C@@]2([H])[C@H](OP(C3=CC=C(C(F)(F)F)C=C3)(C4=CC=C(C(F)(F)F)C=C4)=O)C5=CC=NC6=C5C=C(C=C6)OC,1.5
1c3g,NS(C1=CC(Cl)=CC(Cl)=C1)(=O)=N,C=C[C@H]1C[N]2CC[C@H]1C[C@@]2([H])[C@H](OP(C)(C)=O)C3=CC=NC4=C3C=C(C=C4)OC,0.8
1e3a,O=S(C1=C(C)C=CC=C1)(N)=N,C=C[C@H]1C[N]2CC[C@H]1C[C@@]2([H])[C@H](OP(C3=CC=CC=C3)(C4=CC=CC=C4)=O)C5=CC=NC6=C5C=C(C=C6)OC,1.05
1e3e,O=S(C1=C(C)C=CC=C1)(N)=N,C=C[C@H]1C[N]2CC[C@H]1C[C@@]2([H])[C@H](OP(C3CCCCC3)(C4CCCCC4)=O)C5=CC=NC6=C5C=C(C=C6)OC,1.19
1e3h,O=S(C1=C(C)C=CC=C1)(N)=N,[H]C1=CC2=C(N=CC=C2[C@H]([C@]3([H])C[C@@H]4CC[N]3C[C@@H]4C=C)OP(C5=CC=CC=C5)(C6=CC=CC=C6)=O)C=C1,0.5
1e3d,O=S(C1=C(C)C=CC=C1)(N)=N,C=C[C@H]1C[N]2CC[C@H]1C[C@@]2([H])[C@H](OP(C3=CC(C)=CC(C)=C3)(C4=CC(C)=CC(C)=C4)=O)C5=CC=NC6=C5C=C(C=C6)OC,1.03
1e3i,O=S(C1=C(C)C=CC=C1)(N)=N,C=C[C@H]1C[N]2CC[C@H]1C[C@@]2([H])[C@H](OP(C3=CC=CC=C3)(C4=CC=CC=C4)=O)C5=CC=NC6=C5C=C(C=C6)OC(C)C,1
1e3j,O=S(C1=C(C)C=CC=C1)(N)=N,C=C[C@H]1C[N]2CC[C@H]1C[C@@]2([H])[C@H](OP(C3=CC=CC=C3)(C4=CC=CC=C4)=O)C5=CC=NC6=C5C=C(C=C6)C7=CC=CC=C7,0.99
1e3k,O=S(C1=C(C)C=CC=C1)(N)=N,C=C[C@H]1C[N]2CC[C@H]1C[C@@]2([H])[C@H](OP(C3=CC=CC=C3)(C4=CC=CC=C4)=O)C5=CC=NC6=C5C=C(C=C6)C7=CC(C(F)(F)F)=CC(C(F)(F)F)=C7,0.55
1e3l,O=S(C1=C(C)C=CC=C1)(N)=N,C=C[C@H]1C[N]2CC[C@H]1C[C@@]2([H])[C@H](OP(C3=CC=CC=C3)(C4=CC=CC=C4)=O)C5=CC=NC6=C5C=C(C=C6)C7=CC=C(OC)C=C7,0.97
1e3b,O=S(C1=C(C)C=CC=C1)(N)=N,C=C[C@H]1C[N]2CC[C@H]1C[C@@]2([H])[C@H](OP(C3=CC=C(C(F)(F)F)C=C3)(C4=CC=C(C(F)(F)F)C=C4)=O)C5=CC=NC6=C5C=C(C=C6)OC,1.1
1q3a,NS(C1=CC2=C(C=CC=C2)O1)(=O)=N,C=C[C@H]1C[N]2CC[C@H]1C[C@@]2([H])[C@H](OP(C3=CC=CC=C3)(C4=CC=CC=C4)=O)C5=CC=NC6=C5C=C(C=C6)OC,1.14
1q3h,NS(C1=CC2=C(C=CC=C2)O1)(=O)=N,[H]C1=CC2=C(N=CC=C2[C@H]([C@]3([H])C[C@@H]4CC[N]3C[C@@H]4C=C)OP(C5=CC=CC=C5)(C6=CC=CC=C6)=O)C=C1,0.62
1q3d,NS(C1=CC2=C(C=CC=C2)O1)(=O)=N,C=C[C@H]1C[N]2CC[C@H]1C[C@@]2([H])[C@H](OP(C3=CC(C)=CC(C)=C3)(C4=CC(C)=CC(C)=C4)=O)C5=CC=NC6=C5C=C(C=C6)OC,1.07
1q3j,NS(C1=CC2=C(C=CC=C2)O1)(=O)=N,C=C[C@H]1C[N]2CC[C@H]1C[C@@]2([H])[C@H](OP(C3=CC=CC=C3)(C4=CC=CC=C4)=O)C5=CC=NC6=C5C=C(C=C6)C7=CC=CC=C7,1.26
1q3k,NS(C1=CC2=C(C=CC=C2)O1)(=O)=N,C=C[C@H]1C[N]2CC[C@H]1C[C@@]2([H])[C@H](OP(C3=CC=CC=C3)(C4=CC=CC=C4)=O)C5=CC=NC6=C5C=C(C=C6)C7=CC(C(F)(F)F)=CC(C(F)(F)F)=C7,0.7
1q3l,NS(C1=CC2=C(C=CC=C2)O1)(=O)=N,C=C[C@H]1C[N]2CC[C@H]1C[C@@]2([H])[C@H](OP(C3=CC=CC=C3)(C4=CC=CC=C4)=O)C5=CC=NC6=C5C=C(C=C6)C7=CC=C(OC)C=C7,1.07
1q3b,NS(C1=CC2=C(C=CC=C2)O1)(=O)=N,C=C[C@H]1C[N]2CC[C@H]1C[C@@]2([H])[C@H](OP(C3=CC=C(C(F)(F)F)C=C3)(C4=CC=C(C(F)(F)F)C=C4)=O)C5=CC=NC6=C5C=C(C=C6)OC,0.99
1q3g,NS(C1=CC2=C(C=CC=C2)O1)(=O)=N,C=C[C@H]1C[N]2CC[C@H]1C[C@@]2([H])[C@H](OP(C)(C)=O)C3=CC=NC4=C3C=C(C=C4)OC,0.63
1l3a,NS(C1CC1)(=O)=N,C=C[C@H]1C[N]2CC[C@H]1C[C@@]2([H])[C@H](OP(C3=CC=CC=C3)(C4=CC=CC=C4)=O)C5=CC=NC6=C5C=C(C=C6)OC,0.93
1l3e,NS(C1CC1)(=O)=N,C=C[C@H]1C[N]2CC[C@H]1C[C@@]2([H])[C@H](OP(C3CCCCC3)(C4CCCCC4)=O)C5=CC=NC6=C5C=C(C=C6)OC,1
1l3h,NS(C1CC1)(=O)=N,[H]C1=CC2=C(N=CC=C2[C@H]([C@]3([H])C[C@@H]4CC[N]3C[C@@H]4C=C)OP(C5=CC=CC=C5)(C6=CC=CC=C6)=O)C=C1,0.38
1l3d,NS(C1CC1)(=O)=N,C=C[C@H]1C[N]2CC[C@H]1C[C@@]2([H])[C@H](OP(C3=CC(C)=CC(C)=C3)(C4=CC(C)=CC(C)=C4)=O)C5=CC=NC6=C5C=C(C=C6)OC,0.98
1l3i,NS(C1CC1)(=O)=N,C=C[C@H]1C[N]2CC[C@H]1C[C@@]2([H])[C@H](OP(C3=CC=CC=C3)(C4=CC=CC=C4)=O)C5=CC=NC6=C5C=C(C=C6)OC(C)C,0.8
1l3j,NS(C1CC1)(=O)=N,C=C[C@H]1C[N]2CC[C@H]1C[C@@]2([H])[C@H](OP(C3=CC=CC=C3)(C4=CC=CC=C4)=O)C5=CC=NC6=C5C=C(C=C6)C7=CC=CC=C7,0.6
1l3k,NS(C1CC1)(=O)=N,C=C[C@H]1C[N]2CC[C@H]1C[C@@]2([H])[C@H](OP(C3=CC=CC=C3)(C4=CC=CC=C4)=O)C5=CC=NC6=C5C=C(C=C6)C7=CC(C(F)(F)F)=CC(C(F)(F)F)=C7,0.38
1l3l,NS(C1CC1)(=O)=N,C=C[C@H]1C[N]2CC[C@H]1C[C@@]2([H])[C@H](OP(C3=CC=CC=C3)(C4=CC=CC=C4)=O)C5=CC=NC6=C5C=C(C=C6)C7=CC=C(OC)C=C7,0.74
1l3g,NS(C1CC1)(=O)=N,C=C[C@H]1C[N]2CC[C@H]1C[C@@]2([H])[C@H](OP(C)(C)=O)C3=CC=NC4=C3C=C(C=C4)OC,0.57
1k3e,NS(CC=C)(=O)=N,C=C[C@H]1C[N]2CC[C@H]1C[C@@]2([H])[C@H](OP(C3CCCCC3)(C4CCCCC4)=O)C5=CC=NC6=C5C=C(C=C6)OC,0.62
1k3h,NS(CC=C)(=O)=N,[H]C1=CC2=C(N=CC=C2[C@H]([C@]3([H])C[C@@H]4CC[N]3C[C@@H]4C=C)OP(C5=CC=CC=C5)(C6=CC=CC=C6)=O)C=C1,0.24
1k3d,NS(CC=C)(=O)=N,C=C[C@H]1C[N]2CC[C@H]1C[C@@]2([H])[C@H](OP(C3=CC(C)=CC(C)=C3)(C4=CC(C)=CC(C)=C4)=O)C5=CC=NC6=C5C=C(C=C6)OC,0.57
1k3i,NS(CC=C)(=O)=N,C=C[C@H]1C[N]2CC[C@H]1C[C@@]2([H])[C@H](OP(C3=CC=CC=C3)(C4=CC=CC=C4)=O)C5=CC=NC6=C5C=C(C=C6)OC(C)C,0.59
1k3j,NS(CC=C)(=O)=N,C=C[C@H]1C[N]2CC[C@H]1C[C@@]2([H])[C@H](OP(C3=CC=CC=C3)(C4=CC=CC=C4)=O)C5=CC=NC6=C5C=C(C=C6)C7=CC=CC=C7,0.56
1k3k,NS(CC=C)(=O)=N,C=C[C@H]1C[N]2CC[C@H]1C[C@@]2([H])[C@H](OP(C3=CC=CC=C3)(C4=CC=CC=C4)=O)C5=CC=NC6=C5C=C(C=C6)C7=CC(C(F)(F)F)=CC(C(F)(F)F)=C7,0.35
1k3l,NS(CC=C)(=O)=N,C=C[C@H]1C[N]2CC[C@H]1C[C@@]2([H])[C@H](OP(C3=CC=CC=C3)(C4=CC=CC=C4)=O)C5=CC=NC6=C5C=C(C=C6)C7=CC=C(OC)C=C7,0.5
1k3b,NS(CC=C)(=O)=N,C=C[C@H]1C[N]2CC[C@H]1C[C@@]2([H])[C@H](OP(C3=CC=C(C(F)(F)F)C=C3)(C4=CC=C(C(F)(F)F)C=C4)=O)C5=CC=NC6=C5C=C(C=C6)OC,0.61
1k3g,NS(CC=C)(=O)=N,C=C[C@H]1C[N]2CC[C@H]1C[C@@]2([H])[C@H](OP(C)(C)=O)C3=CC=NC4=C3C=C(C=C4)OC,0.25
1h3a,NS(C1=CC=CC2=C1C=CC=C2)(=O)=N,C=C[C@H]1C[N]2CC[C@H]1C[C@@]2([H])[C@H](OP(C3=CC=CC=C3)(C4=CC=CC=C4)=O)C5=CC=NC6=C5C=C(C=C6)OC,0.9
1h3e,NS(C1=CC=CC2=C1C=CC=C2)(=O)=N,C=C[C@H]1C[N]2CC[C@H]1C[C@@]2([H])[C@H](OP(C3CCCCC3)(C4CCCCC4)=O)C5=CC=NC6=C5C=C(C=C6)OC,1
1h3h,NS(C1=CC=CC2=C1C=CC=C2)(=O)=N,[H]C1=CC2=C(N=CC=C2[C@H]([C@]3([H])C[C@@H]4CC[N]3C[C@@H]4C=C)OP(C5=CC=CC=C5)(C6=CC=CC=C6)=O)C=C1,0.41
1h3d,NS(C1=CC=CC2=C1C=CC=C2)(=O)=N,C=C[C@H]1C[N]2CC[C@H]1C[C@@]2([H])[C@H](OP(C3=CC(C)=CC(C)=C3)(C4=CC(C)=CC(C)=C4)=O)C5=CC=NC6=C5C=C(C=C6)OC,0.87
1h3i,NS(C1=CC=CC2=C1C=CC=C2)(=O)=N,C=C[C@H]1C[N]2CC[C@H]1C[C@@]2([H])[C@H](OP(C3=CC=CC=C3)(C4=CC=CC=C4)=O)C5=CC=NC6=C5C=C(C=C6)OC(C)C,0.95
1h3k,NS(C1=CC=CC2=C1C=CC=C2)(=O)=N,C=C[C@H]1C[N]2CC[C@H]1C[C@@]2([H])[C@H](OP(C3=CC=CC=C3)(C4=CC=CC=C4)=O)C5=CC=NC6=C5C=C(C=C6)C7=CC(C(F)(F)F)=CC(C(F)(F)F)=C7,0.39
1h3l,NS(C1=CC=CC2=C1C=CC=C2)(=O)=N,C=C[C@H]1C[N]2CC[C@H]1C[C@@]2([H])[C@H](OP(C3=CC=CC=C3)(C4=CC=CC=C4)=O)C5=CC=NC6=C5C=C(C=C6)C7=CC=C(OC)C=C7,0.93
1h3b,NS(C1=CC=CC2=C1C=CC=C2)(=O)=N,C=C[C@H]1C[N]2CC[C@H]1C[C@@]2([H])[C@H](OP(C3=CC=C(C(F)(F)F)C=C3)(C4=CC=C(C(F)(F)F)C=C4)=O)C5=CC=NC6=C5C=C(C=C6)OC,0.9
1h3g,NS(C1=CC=CC2=C1C=CC=C2)(=O)=N,C=C[C@H]1C[N]2CC[C@H]1C[C@@]2([H])[C@H](OP(C)(C)=O)C3=CC=NC4=C3C=C(C=C4)OC,0.41
1g3a,NS(C1=C(C)C=C(C)C=C1C)(=O)=N,C=C[C@H]1C[N]2CC[C@H]1C[C@@]2([H])[C@H](OP(C3=CC=CC=C3)(C4=CC=CC=C4)=O)C5=CC=NC6=C5C=C(C=C6)OC,0.76
1g3e,NS(C1=C(C)C=C(C)C=C1C)(=O)=N,C=C[C@H]1C[N]2CC[C@H]1C[C@@]2([H])[C@H](OP(C3CCCCC3)(C4CCCCC4)=O)C5=CC=NC6=C5C=C(C=C6)OC,0.81
1g3h,NS(C1=C(C)C=C(C)C=C1C)(=O)=N,[H]C1=CC2=C(N=CC=C2[C@H]([C@]3([H])C[C@@H]4CC[N]3C[C@@H]4C=C)OP(C5=CC=CC=C5)(C6=CC=CC=C6)=O)C=C1,0.18
1g3d,NS(C1=C(C)C=C(C)C=C1C)(=O)=N,C=C[C@H]1C[N]2CC[C@H]1C[C@@]2([H])[C@H](OP(C3=CC(C)=CC(C)=C3)(C4=CC(C)=CC(C)=C4)=O)C5=CC=NC6=C5C=C(C=C6)OC,0.87
1g3j,NS(C1=C(C)C=C(C)C=C1C)(=O)=N,C=C[C@H]1C[N]2CC[C@H]1C[C@@]2([H])[C@H](OP(C3=CC=CC=C3)(C4=CC=CC=C4)=O)C5=CC=NC6=C5C=C(C=C6)C7=CC=CC=C7,0.31
1g3k,NS(C1=C(C)C=C(C)C=C1C)(=O)=N,C=C[C@H]1C[N]2CC[C@H]1C[C@@]2([H])[C@H](OP(C3=CC=CC=C3)(C4=CC=CC=C4)=O)C5=CC=NC6=C5C=C(C=C6)C7=CC(C(F)(F)F)=CC(C(F)(F)F)=C7,0.05
1g3l,NS(C1=C(C)C=C(C)C=C1C)(=O)=N,C=C[C@H]1C[N]2CC[C@H]1C[C@@]2([H])[C@H](OP(C3=CC=CC=C3)(C4=CC=CC=C4)=O)C5=CC=NC6=C5C=C(C=C6)C7=CC=C(OC)C=C7,0.41
1g3b,NS(C1=C(C)C=C(C)C=C1C)(=O)=N,C=C[C@H]1C[N]2CC[C@H]1C[C@@]2([H])[C@H](OP(C3=CC=C(C(F)(F)F)C=C3)(C4=CC=C(C(F)(F)F)C=C4)=O)C5=CC=NC6=C5C=C(C=C6)OC,0.58
1g3g,NS(C1=C(C)C=C(C)C=C1C)(=O)=N,C=C[C@H]1C[N]2CC[C@H]1C[C@@]2([H])[C@H](OP(C)(C)=O)C3=CC=NC4=C3C=C(C=C4)OC,0.74
1j3a,NS(CC1=CC=CC=C1)(=O)=N,C=C[C@H]1C[N]2CC[C@H]1C[C@@]2([H])[C@H](OP(C3=CC=CC=C3)(C4=CC=CC=C4)=O)C5=CC=NC6=C5C=C(C=C6)OC,0.42
1j3e,NS(CC1=CC=CC=C1)(=O)=N,C=C[C@H]1C[N]2CC[C@H]1C[C@@]2([H])[C@H](OP(C3CCCCC3)(C4CCCCC4)=O)C5=CC=NC6=C5C=C(C=C6)OC,0.46
1j3h,NS(CC1=CC=CC=C1)(=O)=N,[H]C1=CC2=C(N=CC=C2[C@H]([C@]3([H])C[C@@H]4CC[N]3C[C@@H]4C=C)OP(C5=CC=CC=C5)(C6=CC=CC=C6)=O)C=C1,0.13
1j3d,NS(CC1=CC=CC=C1)(=O)=N,C=C[C@H]1C[N]2CC[C@H]1C[C@@]2([H])[C@H](OP(C3=CC(C)=CC(C)=C3)(C4=CC(C)=CC(C)=C4)=O)C5=CC=NC6=C5C=C(C=C6)OC,0.42
1j3i,NS(CC1=CC=CC=C1)(=O)=N,C=C[C@H]1C[N]2CC[C@H]1C[C@@]2([H])[C@H](OP(C3=CC=CC=C3)(C4=CC=CC=C4)=O)C5=CC=NC6=C5C=C(C=C6)OC(C)C,0.4
1j3j,NS(CC1=CC=CC=C1)(=O)=N,C=C[C@H]1C[N]2CC[C@H]1C[C@@]2([H])[C@H](OP(C3=CC=CC=C3)(C4=CC=CC=C4)=O)C5=CC=NC6=C5C=C(C=C6)C7=CC=CC=C7,0.36
1j3k,NS(CC1=CC=CC=C1)(=O)=N,C=C[C@H]1C[N]2CC[C@H]1C[C@@]2([H])[C@H](OP(C3=CC=CC=C3)(C4=CC=CC=C4)=O)C5=CC=NC6=C5C=C(C=C6)C7=CC(C(F)(F)F)=CC(C(F)(F)F)=C7,0.25
1j3b,NS(CC1=CC=CC=C1)(=O)=N,C=C[C@H]1C[N]2CC[C@H]1C[C@@]2([H])[C@H](OP(C3=CC=C(C(F)(F)F)C=C3)(C4=CC=C(C(F)(F)F)C=C4)=O)C5=CC=NC6=C5C=C(C=C6)OC,0.43
1j3g,NS(CC1=CC=CC=C1)(=O)=N,C=C[C@H]1C[N]2CC[C@H]1C[C@@]2([H])[C@H](OP(C)(C)=O)C3=CC=NC4=C3C=C(C=C4)OC,0.31
1p3a,ClC1=CC=C(S1)S(N)(=O)=N,C=C[C@H]1C[N]2CC[C@H]1C[C@@]2([H])[C@H](OP(C3=CC=CC=C3)(C4=CC=CC=C4)=O)C5=CC=NC6=C5C=C(C=C6)OC,1.39
1p3e,ClC1=CC=C(S1)S(N)(=O)=N,C=C[C@H]1C[N]2CC[C@H]1C[C@@]2([H])[C@H](OP(C3CCCCC3)(C4CCCCC4)=O)C5=CC=NC6=C5C=C(C=C6)OC,1.61
1p3d,ClC1=CC=C(S1)S(N)(=O)=N,C=C[C@H]1C[N]2CC[C@H]1C[C@@]2([H])[C@H](OP(C3=CC(C)=CC(C)=C3)(C4=CC(C)=CC(C)=C4)=O)C5=CC=NC6=C5C=C(C=C6)OC,1.29
1p3j,ClC1=CC=C(S1)S(N)(=O)=N,C=C[C@H]1C[N]2CC[C@H]1C[C@@]2([H])[C@H](OP(C3=CC=CC=C3)(C4=CC=CC=C4)=O)C5=CC=NC6=C5C=C(C=C6)C7=CC=CC=C7,1.66
1p3k,ClC1=CC=C(S1)S(N)(=O)=N,C=C[C@H]1C[N]2CC[C@H]1C[C@@]2([H])[C@H](OP(C3=CC=CC=C3)(C4=CC=CC=C4)=O)C5=CC=NC6=C5C=C(C=C6)C7=CC(C(F)(F)F)=CC(C(F)(F)F)=C7,1.48
1p3l,ClC1=CC=C(S1)S(N)(=O)=N,C=C[C@H]1C[N]2CC[C@H]1C[C@@]2([H])[C@H](OP(C3=CC=CC=C3)(C4=CC=CC=C4)=O)C5=CC=NC6=C5C=C(C=C6)C7=CC=C(OC)C=C7,1.52
1p3b,ClC1=CC=C(S1)S(N)(=O)=N,C=C[C@H]1C[N]2CC[C@H]1C[C@@]2([H])[C@H](OP(C3=CC=C(C(F)(F)F)C=C3)(C4=CC=C(C(F)(F)F)C=C4)=O)C5=CC=NC6=C5C=C(C=C6)OC,1.42
1p3g,ClC1=CC=C(S1)S(N)(=O)=N,C=C[C@H]1C[N]2CC[C@H]1C[C@@]2([H])[C@H](OP(C)(C)=O)C3=CC=NC4=C3C=C(C=C4)OC,0.85
1o3a,NS(C1=CC=CO1)(=O)=N,C=C[C@H]1C[N]2CC[C@H]1C[C@@]2([H])[C@H](OP(C3=CC=CC=C3)(C4=CC=CC=C4)=O)C5=CC=NC6=C5C=C(C=C6)OC,1.36
1o3e,NS(C1=CC=CO1)(=O)=N,C=C[C@H]1C[N]2CC[C@H]1C[C@@]2([H])[C@H](OP(C3CCCCC3)(C4CCCCC4)=O)C5=CC=NC6=C5C=C(C=C6)OC,1.61
1o3h,NS(C1=CC=CO1)(=O)=N,[H]C1=CC2=C(N=CC=C2[C@H]([C@]3([H])C[C@@H]4CC[N]3C[C@@H]4C=C)OP(C5=CC=CC=C5)(C6=CC=CC=C6)=O)C=C1,0.82
1o3d,NS(C1=CC=CO1)(=O)=N,C=C[C@H]1C[N]2CC[C@H]1C[C@@]2([H])[C@H](OP(C3=CC(C)=CC(C)=C3)(C4=CC(C)=CC(C)=C4)=O)C5=CC=NC6=C5C=C(C=C6)OC,1.34
1o3i,NS(C1=CC=CO1)(=O)=N,C=C[C@H]1C[N]2CC[C@H]1C[C@@]2([H])[C@H](OP(C3=CC=CC=C3)(C4=CC=CC=C4)=O)C5=CC=NC6=C5C=C(C=C6)OC(C)C,1.28
1o3j,NS(C1=CC=CO1)(=O)=N,C=C[C@H]1C[N]2CC[C@H]1C[C@@]2([H])[C@H](OP(C3=CC=CC=C3)(C4=CC=CC=C4)=O)C5=CC=NC6=C5C=C(C=C6)C7=CC=CC=C7,1.5
1o3k,NS(C1=CC=CO1)(=O)=N,C=C[C@H]1C[N]2CC[C@H]1C[C@@]2([H])[C@H](OP(C3=CC=CC=C3)(C4=CC=CC=C4)=O)C5=CC=NC6=C5C=C(C=C6)C7=CC(C(F)(F)F)=CC(C(F)(F)F)=C7,0.81
1o3l,NS(C1=CC=CO1)(=O)=N,C=C[C@H]1C[N]2CC[C@H]1C[C@@]2([H])[C@H](OP(C3=CC=CC=C3)(C4=CC=CC=C4)=O)C5=CC=NC6=C5C=C(C=C6)C7=CC=C(OC)C=C7,1.26
1o3b,NS(C1=CC=CO1)(=O)=N,C=C[C@H]1C[N]2CC[C@H]1C[C@@]2([H])[C@H](OP(C3=CC=C(C(F)(F)F)C=C3)(C4=CC=C(C(F)(F)F)C=C4)=O)C5=CC=NC6=C5C=C(C=C6)OC,1.16
1n3a,NS(C1=CN=CN=C1)(=O)=N,C=C[C@H]1C[N]2CC[C@H]1C[C@@]2([H])[C@H](OP(C3=CC=CC=C3)(C4=CC=CC=C4)=O)C5=CC=NC6=C5C=C(C=C6)OC,1.5
1n3h,NS(C1=CN=CN=C1)(=O)=N,[H]C1=CC2=C(N=CC=C2[C@H]([C@]3([H])C[C@@H]4CC[N]3C[C@@H]4C=C)OP(C5=CC=CC=C5)(C6=CC=CC=C6)=O)C=C1,0.61
1n3d,NS(C1=CN=CN=C1)(=O)=N,C=C[C@H]1C[N]2CC[C@H]1C[C@@]2([H])[C@H](OP(C3=CC(C)=CC(C)=C3)(C4=CC(C)=CC(C)=C4)=O)C5=CC=NC6=C5C=C(C=C6)OC,1.61
1n3i,NS(C1=CN=CN=C1)(=O)=N,C=C[C@H]1C[N]2CC[C@H]1C[C@@]2([H])[C@H](OP(C3=CC=CC=C3)(C4=CC=CC=C4)=O)C5=CC=NC6=C5C=C(C=C6)OC(C)C,1.54
1n3j,NS(C1=CN=CN=C1)(=O)=N,C=C[C@H]1C[N]2CC[C@H]1C[C@@]2([H])[C@H](OP(C3=CC=CC=C3)(C4=CC=CC=C4)=O)C5=CC=NC6=C5C=C(C=C6)C7=CC=CC=C7,1.35
1n3k,NS(C1=CN=CN=C1)(=O)=N,C=C[C@H]1C[N]2CC[C@H]1C[C@@]2([H])[C@H](OP(C3=CC=CC=C3)(C4=CC=CC=C4)=O)C5=CC=NC6=C5C=C(C=C6)C7=CC(C(F)(F)F)=CC(C(F)(F)F)=C7,1.25
1n3l,NS(C1=CN=CN=C1)(=O)=N,C=C[C@H]1C[N]2CC[C@H]1C[C@@]2([H])[C@H](OP(C3=CC=CC=C3)(C4=CC=CC=C4)=O)C5=CC=NC6=C5C=C(C=C6)C7=CC=C(OC)C=C7,1.29
1n3b,NS(C1=CN=CN=C1)(=O)=N,C=C[C@H]1C[N]2CC[C@H]1C[C@@]2([H])[C@H](OP(C3=CC=C(C(F)(F)F)C=C3)(C4=CC=C(C(F)(F)F)C=C4)=O)C5=CC=NC6=C5C=C(C=C6)OC,1.49
1n3g,NS(C1=CN=CN=C1)(=O)=N,C=C[C@H]1C[N]2CC[C@H]1C[C@@]2([H])[C@H](OP(C)(C)=O)C3=CC=NC4=C3C=C(C=C4)OC,0.91
